"","Term","Overlap","P.value","Adjusted.P.value","Old.P.value","Old.Adjusted.P.value","Odds.Ratio","Combined.Score","Genes"
"1","Ribosome","20/170",3.67339291029788e-06,0.000947735370856854,0,0,3.62234848484849,45.3314991304712,"RPL32;RPS7;RPLP1;RPL12;RPS6;RPLP0;RPL36A;RPL10A;RPS28;RPS16;RPS19;RPS18;RPS29;RPL35;RPL13;RPS20;RPL15;RPS2;RPS27A;RPS10"
"2","Taurine and hypotaurine metabolism","3/11",0.00626963217852706,0.338684218144232,0,0,10.0214979195562,50.8294141537896,"GGT5;GGT7;GGT1"
"3","Graft-versus-host disease","7/64",0.00821561508457369,0.338684218144232,0,0,3.29181041865473,15.8063475023815,"KLRA7;KLRA1;H2-DMA;H2-OB;FAS;H2-Q2;H2-OA"
"4","FoxO signaling pathway","11/132",0.00854760391296633,0.338684218144232,0,0,2.44230524034171,11.6305122366486,"MAPK11;BCL2L11;S1PR1;PIK3R3;IRS2;HOMER3;PIK3R2;SGK3;CSNK1E;KLF2;IGF1R"
"5","Leukocyte transendothelial migration","10/115",0.00893314893171274,0.338684218144232,0,0,2.55715619581166,12.0646279558725,"CLDN10;MAPK11;ACTN1;TXK;PECAM1;PIK3R3;PIK3R2;PTK2;RAPGEF3;RAPGEF4"
"6","Natural killer cell mediated cytotoxicity","10/118",0.0106145146355866,0.338684218144232,0,0,2.48573503475464,11.2989904041867,"PAK1;KLRA7;KLRA1;IFNGR2;SH2D1A;ICAM2;PIK3R3;TNFRSF10B;FAS;PIK3R2"
"7","Pathways in cancer","30/535",0.0122699275803781,0.338684218144232,0,0,1.60678517419465,7.07082514008973,"MAX;TCF7;LEF1;MGST2;PIK3R3;IL6RA;PIK3R2;ADCY1;RASGRP2;ADCY6;IGF1R;CKS1B;BCL2L11;FRAT2;HEY1;HES5;ARHGEF11;JUP;WNT5B;IFNGR2;KIF7;PTK2;PLCB4;SMO;TRAF5;CKS2;FAS;IL6ST;PLCB2;FGFR1"
"8","Gap junction","8/86",0.0126083491231229,0.338684218144232,0,0,2.75003581148833,12.0269957708509,"TUBB2B;TUBB5;TUBB2A;PLCB4;TUBB3;ADCY1;PLCB2;ADCY6"
"9","Chemokine signaling pathway","14/197",0.0127022201228771,0.338684218144232,0,0,2.05727699530516,8.98202710529915,"CXCR5;PIK3R3;PIK3R2;ADCY1;RASGRP2;PTK2;ADCY6;PAK1;PLCB4;GRK6;CCR9;CCR7;CCR4;PLCB2"
"10","Small cell lung cancer","8/92",0.0183521659232435,0.338684218144232,0,0,2.55280659749933,10.2061403759311,"MAX;TRAF5;CKS2;PIK3R3;PIK3R2;FHIT;PTK2;CKS1B"
"11","Intestinal immune network for IgA production","5/43",0.0189530398631586,0.338684218144232,0,0,3.52060610497035,13.9619878133283,"TNFRSF13B;H2-DMA;CCR9;H2-OB;H2-OA"
"12","Phospholipase D signaling pathway","11/149",0.0197646689942649,0.338684218144232,0,0,2.13954102892453,8.39525802706194,"PLCB4;GRM6;DGKA;PIK3R3;RRAS2;PIK3R2;ADCY1;PLCB2;RAPGEF3;ADCY6;RAPGEF4"
"13","Hematopoietic cell lineage","8/94",0.0206266412931331,0.338684218144232,0,0,2.49317916071197,9.67645658129005,"CD24A;TFRC;H2-DMA;H2-OB;DNTT;IL6RA;H2-OA;CD55"
"14","Salivary secretion","7/78",0.0227327561650826,0.338684218144232,0,0,2.64079596126269,9.99263563057534,"PLCB4;DMBT1;TRPV6;ADCY1;ATP1B1;PLCB2;ADCY6"
"15","Prostate cancer","8/97",0.0244028240490576,0.338684218144232,0,0,2.40876278952985,8.94387212466098,"TCF7;LEF1;PIK3R3;PLAT;PIK3R2;ETV5;IGF1R;FGFR1"
"16","Purine metabolism","10/136",0.0261623422271967,0.338684218144232,0,0,2.12862922946957,7.7555205800079,"PDE2A;ADK;AMPD1;ENPP4;NME4;AMPD3;ADCY1;FHIT;ADA;ADCY6"
"17","Glutathione metabolism","6/64",0.027981916663031,0.338684218144232,0,0,2.76889828066468,9.90212520104827,"GGT5;GGT7;IDH2;MGST2;GGT1;SRM"
"18","Hippo signaling pathway","11/159",0.0300955399760858,0.338684218144232,0,0,1.99393502899814,6.98550869576807,"SMAD1;PATJ;PAK1;WNT5B;DLG4;TCF7;LEF1;PARD6G;CSNK1E;AFP;BMP7"
"19","Axon guidance","12/180",0.0310532975460653,0.338684218144232,0,0,1.9169341894061,6.65569187963784,"EPHB6;PAK1;WNT5B;SMO;NCK2;PIK3R3;PARD6G;PIK3R2;BMP7;PTK2;PDK1;PLXNA3"
"20","Th17 cell differentiation","8/102",0.0317282465589055,0.338684218144232,0,0,2.28004279091882,7.86739694668779,"MAPK11;IFNGR2;H2-DMA;RORC;H2-OB;IL6RA;H2-OA;IL6ST"
"21","Chagas disease (American trypanosomiasis)","8/103",0.0333555353372139,0.338684218144232,0,0,2.25592472802117,7.67134319686825,"MAPK11;PLCB4;IFNGR2;PIK3R3;FAS;PIK3R2;ADCY1;PLCB2"
"22","Leishmaniasis","6/67",0.0340538849898634,0.338684218144232,0,0,2.63231197771588,8.89671738908448,"MAPK11;MARCKSL1;IFNGR2;H2-DMA;H2-OB;H2-OA"
"23","HIF-1 signaling pathway","8/104",0.0350386524042573,0.338684218144232,0,0,2.23230912476723,7.48114532138323,"TFRC;IFNGR2;RPS6;PIK3R3;PIK3R2;IL6RA;IGF1R;PDK1"
"24","Platelet activation","9/125",0.0379364823983554,0.338684218144232,0,0,2.07909332047263,6.80246491776123,"MAPK11;PLCB4;TBXA2R;PIK3R3;PIK3R2;ADCY1;RASGRP2;PLCB2;ADCY6"
"25","Type I diabetes mellitus","6/69",0.0385402408730482,0.338684218144232,0,0,2.54848123093248,8.29798834185274,"PTPRN;H2-DMA;H2-OB;FAS;H2-Q2;H2-OA"
"26","Amoebiasis","8/106",0.0385751082008861,0.338684218144232,0,0,2.18652377151978,7.11745864752822,"RAB5C;PLCB4;ACTN1;PIK3R3;PIK3R2;ADCY1;PLCB2;PTK2"
"27","Sulfur metabolism","2/9",0.0397889609226789,0.338684218144232,0,0,7.62524732884844,24.5850614171911,"MPST;BPNT1"
"28","Rap1 signaling pathway","13/209",0.0411919899111943,0.338684218144232,0,0,1.77990183415138,5.6770172997652,"PIK3R3;PARD6G;PIK3R2;ADCY1;RASGRP2;ADCY6;IGF1R;MAPK11;PLCB4;PLCB2;RAPGEF3;RAPGEF4;FGFR1"
"29","Breast cancer","10/147",0.0413368319570034,0.338684218144232,0,0,1.95659285612055,6.23370750351352,"FRAT2;WNT5B;HEY1;TCF7;LEF1;PIK3R3;PIK3R2;HES5;IGF1R;FGFR1"
"30","Influenza A","11/168",0.0422711472506528,0.338684218144232,0,0,1.87874862650861,5.94370407626351,"SOCS3;MAPK11;IFNGR2;H2-DMA;H2-OB;PIK3R3;TNFRSF10B;FAS;PIK3R2;H2-OA;IKBKE"
"31","Adrenergic signaling in cardiomyocytes","10/148",0.0429627488180503,0.338684218144232,0,0,1.94231315714692,6.11327886122933,"MAPK11;PLCB4;CACNA2D2;CACNA2D4;ADCY1;ATP1B1;PLCB2;RAPGEF3;ADCY6;RAPGEF4"
"32","Progesterone-mediated oocyte maturation","7/90",0.0446392920193159,0.338684218144232,0,0,2.25758263178236,7.01914231684246,"CCNA2;MAPK11;PIK3R3;PIK3R2;ADCY1;ADCY6;IGF1R"
"33","Adherens junction","6/72",0.0459455334691787,0.338684218144232,0,0,2.43226133198278,7.49209127073965,"ACTN1;LEF1;TCF7;PTPRF;IGF1R;FGFR1"
"34","Arrhythmogenic right ventricular cardiomyopathy (ARVC)","6/72",0.0459455334691787,0.338684218144232,0,0,2.43226133198278,7.49209127073965,"JUP;LEF1;TCF7;CACNA2D2;ITGA7;CACNA2D4"
"35","Prolactin signaling pathway","6/72",0.0459455334691787,0.338684218144232,0,0,2.43226133198278,7.49209127073965,"SOCS3;MAPK11;IRF1;PIK3R3;PIK3R2;CYP17A1"
"36","Aldosterone-regulated sodium reabsorption","4/38",0.0475523600497099,0.340791913689587,0,0,3.14411764705882,9.57674295419757,"NEDD4L;PIK3R3;PIK3R2;ATP1B1"
"37","C-type lectin receptor signaling pathway","8/112",0.0505894370314071,0.340888852099153,0,0,2.05973356252686,6.14627065358528,"MAPK11;PAK1;IRF1;CARD9;PIK3R3;RRAS2;PIK3R2;IKBKE"
"38","Regulation of lipolysis in adipocytes","5/56",0.0515167484725937,0.340888852099153,0,0,2.6214240911942,7.77474621360461,"PIK3R3;IRS2;PIK3R2;ADCY1;ADCY6"
"39","African trypanosomiasis","4/39",0.0515297102010348,0.340888852099153,0,0,3.05412698412698,9.05730902934099,"PLCB4;FAS;F2RL1;PLCB2"
"40","Glutamatergic synapse","8/114",0.0550759317802671,0.355239759982723,0,0,2.02065985032149,5.85797871956147,"PLCB4;DLG4;GRM6;HOMER3;ADCY1;PLCB2;GRIA3;ADCY6"
"41","Asthma","3/25",0.0601809239698868,0.364250873099157,0,0,3.6415332240575,10.2341644429035,"H2-DMA;H2-OB;H2-OA"
"42","Signaling pathways regulating pluripotency of stem cells","9/137",0.0612620087495098,0.364250873099157,0,0,1.88299825174825,5.25845223261252,"SMAD1;MAPK11;WNT5B;PIK3R3;ID3;PIK3R2;IL6ST;IGF1R;FGFR1"
"43","Inflammatory bowel disease (IBD)","5/59",0.0619258416920725,0.364250873099157,0,0,2.47540308041003,6.8861201323804,"IFNGR2;H2-DMA;RORC;H2-OB;H2-OA"
"44","Apelin signaling pathway","9/138",0.0635430977892914,0.364250873099157,0,0,1.86830378923402,5.14911417972115,"PLCB4;RPS6;TFAM;RRAS2;PLAT;ADCY1;PLCB2;ADCY6;KLF2"
"45","Wnt signaling pathway","10/160",0.0659271784761077,0.364250873099157,0,0,1.78580765639589,4.85597621991377,"FRAT2;VANGL2;PLCB4;WNT5B;TCF7;LEF1;SIAH1A;CSNK1E;PRICKLE1;PLCB2"
"46","Proteoglycans in cancer","12/203",0.0660476462066659,0.364250873099157,0,0,1.68406965115595,4.57625531123506,"MAPK11;PAK1;WNT5B;SMO;RPS6;PIK3R3;RRAS2;FAS;PIK3R2;PTK2;IGF1R;FGFR1"
"47","Cytokine-cytokine receptor interaction","16/292",0.0663557792079859,0.364250873099157,0,0,1.5557193154835,4.22023777800098,"TNFRSF13B;TNFRSF12A;IFNGR2;CXCR5;TNFRSF10B;IL6RA;BMP7;IL17RB;CCR9;CD27;FAS;TNFSF8;CCR7;TNFRSF25;IL6ST;CCR4"
"48","Carbohydrate digestion and absorption","4/43",0.0691854487003234,0.371871786764238,0,0,2.74031339031339,7.31928038005618,"PIK3R3;PIK3R2;ATP1B1;PLCB2"
"49","Melanogenesis","7/100",0.0707651099285719,0.372599966562685,0,0,2.01378203686207,5.33327859227554,"PLCB4;WNT5B;TCF7;LEF1;ADCY1;PLCB2;ADCY6"
"50","Mineral absorption","4/44",0.0740274677261308,0.381981733466835,0,0,2.67166666666667,6.95520077977782,"SLC6A19;TRPV6;ATP1B1;CLCN2"
"51","Allograft rejection","5/63",0.0775129498802803,0.384583482098314,0,0,2.30420603328378,5.8925697331864,"H2-DMA;H2-OB;FAS;H2-Q2;H2-OA"
"52","Basal cell carcinoma","5/63",0.0775129498802803,0.384583482098314,0,0,2.30420603328378,5.8925697331864,"WNT5B;SMO;LEF1;TCF7;KIF7"
"53","Central carbon metabolism in cancer","5/64",0.0817104978878767,0.393577611917099,0,0,2.26503382758539,5.67294209809863,"NTRK3;PIK3R3;PIK3R2;PDK1;FGFR1"
"54","cAMP signaling pathway","12/211",0.0826282971352709,0.393577611917099,0,0,1.61569081361865,4.0285684458218,"PAK1;PPP1R1B;CNGA1;PIK3R3;RRAS2;PIK3R2;ADCY1;ATP1B1;RAPGEF3;ADCY6;GRIA3;RAPGEF4"
"55","ErbB signaling pathway","6/84",0.0839022040908543,0.393577611917099,0,0,2.05678165845297,5.09691761141461,"PAK1;NCK2;PIK3R3;PIK3R2;NRG2;PTK2"
"56","Cell adhesion molecules (CAMs)","10/170",0.0901388537234016,0.403803438464368,0,0,1.67331932773109,4.02668228742876,"SELP;CLDN10;SELL;H2-DMA;ICAM2;H2-OB;PECAM1;H2-Q2;H2-OA;PTPRF"
"57","Inflammatory mediator regulation of TRP channels","8/127",0.0903041286804803,0.403803438464368,0,0,1.79869489695319,4.32509156163818,"MAPK11;PLCB4;PIK3R3;F2RL1;PIK3R2;ADCY1;PLCB2;ADCY6"
"58","Insulin secretion","6/86",0.0915253402335349,0.403803438464368,0,0,2.00515320334262,4.79460083276041,"PLCB4;ADCY1;ATP1B1;PLCB2;ADCY6;RAPGEF4"
"59","Parathyroid hormone synthesis, secretion and action","7/107",0.0935061986941634,0.403803438464368,0,0,1.87213389121339,4.43644725684594,"ARHGEF11;PLCB4;MMP15;ADCY1;PLCB2;ADCY6;FGFR1"
"60","Type II diabetes mellitus","4/48",0.0950357682815261,0.403803438464368,0,0,2.42828282828283,5.71496837155508,"SOCS3;PIK3R3;IRS2;PIK3R2"
"61","Th1 and Th2 cell differentiation","6/87",0.0954729059935134,0.403803438464368,0,0,1.98029505828949,4.65154036785831,"MAPK11;IFNGR2;H2-DMA;H2-OB;H2-OA;MAML3"
"62","TNF signaling pathway","7/110",0.10436342717038,0.417717681139343,0,0,1.81732136328553,4.1069208956813,"SOCS3;MAPK11;IRF1;TRAF5;PIK3R3;FAS;PIK3R2"
"63","Acute myeloid leukemia","5/69",0.104447323083066,0.417717681139343,0,0,2.0875347705146,4.71589222586162,"JUP;LEF1;TCF7;PIK3R3;PIK3R2"
"64","Cortisol synthesis and secretion","5/69",0.104447323083066,0.417717681139343,0,0,2.0875347705146,4.71589222586162,"PLCB4;ADCY1;PLCB2;ADCY6;CYP17A1"
"65","Human papillomavirus infection","18/360",0.105238950674641,0.417717681139343,0,0,1.41151036230804,3.17804634269122,"PATJ;WNT5B;TCF7;PIK3R3;PARD6G;PIK3R2;H2-Q2;PTK2;CCNA2;HEY1;IRF1;FAS;ITGA7;MAML3;IKBKE;OASL1;HES5;OASL2"
"66","Phagosome","10/180",0.119041034549911,0.45990861618334,0,0,1.57406492008568,3.35006193358481,"TUBB2B;TUBB5;RAB5C;TUBB2A;TFRC;TUBB3;H2-DMA;H2-OB;H2-Q2;H2-OA"
"67","Bile secretion","5/72",0.119433632884821,0.45990861618334,0,0,1.99375168662944,4.23671123933045,"EPHX1;ADCY1;ATP1B1;ADCY6;ABCG2"
"68","Thyroid hormone synthesis","5/73",0.124642213028619,0.472226887820708,0,0,1.96432954266547,4.09033900671576,"PLCB4;ADCY1;ATP1B1;PLCB2;ADCY6"
"69","Ubiquitin mediated proteolysis","8/138",0.128297039330038,0.472226887820708,0,0,1.64555221314998,3.3789885712057,"SOCS3;CUL7;UBE2C;SIAH1A;UBE2E2;NEDD4L;NHLRC1;MID1"
"70","Epstein-Barr virus infection","12/229",0.128697248713819,0.472226887820708,0,0,1.48027235540827,3.03499137060526,"CCNA2;MAPK11;BCL2L11;H2-DMA;TRAF5;H2-OB;PIK3R3;FAS;PIK3R2;H2-Q2;H2-OA;IKBKE"
"71","Gastric acid secretion","5/74",0.12995391098942,0.472226887820708,0,0,1.93576021446857,3.9500647169909,"PLCB4;ADCY1;ATP1B1;PLCB2;ADCY6"
"72","Human cytomegalovirus infection","13/255",0.136250958436087,0.486328906102057,0,0,1.43809789494485,2.86649842408457,"ARHGEF11;PIK3R3;PIK3R2;IL6RA;H2-Q2;ADCY1;PTK2;ADCY6;MAPK11;PLCB4;TRAF5;FAS;PLCB2"
"73","Endocrine and other factor-regulated calcium reabsorption","4/55",0.137604690486241,0.486328906102057,0,0,2.0942265795207,4.15362672856534,"PLCB4;ATP1B1;PLCB2;ADCY6"
"74","Fluid shear stress and atherosclerosis","8/143",0.147924410654778,0.502728275316451,0,0,1.58419201324229,3.02747628487224,"MAPK11;PECAM1;MGST2;PIK3R3;PLAT;PIK3R2;PTK2;KLF2"
"75","One carbon pool by folate","2/19",0.149451314071924,0.502728275316451,0,0,3.13817826299495,5.9650009067341,"ALDH1L1;SHMT1"
"76","Toll-like receptor signaling pathway","6/99",0.149551327521728,0.502728275316451,0,0,1.72369485128942,3.27521950617125,"TLR1;MAPK11;PIK3R3;PIK3R2;LBP;IKBKE"
"77","Ovarian steroidogenesis","4/57",0.150971234327642,0.502728275316451,0,0,2.01498951781971,3.80967209403297,"ADCY1;ADCY6;IGF1R;CYP17A1"
"78","Autoimmune thyroid disease","5/78",0.152186482754827,0.502728275316451,0,0,1.82931011488559,3.44394821800989,"H2-DMA;H2-OB;FAS;H2-Q2;H2-OA"
"79","Pyruvate metabolism","3/38",0.157671639389044,0.502728275316451,0,0,2.28741826827819,4.22541198627713,"LDHB;ALDH1B1;ACYP1"
"80","Endometrial cancer","4/58",0.157833295738886,0.502728275316451,0,0,1.97757201646091,3.65102488676724,"LEF1;TCF7;PIK3R3;PIK3R2"
"81","VEGF signaling pathway","4/58",0.157833295738886,0.502728275316451,0,0,1.97757201646091,3.65102488676724,"MAPK11;PIK3R3;PIK3R2;PTK2"
"82","Sphingolipid signaling pathway","7/124",0.16330458853077,0.506347979599071,0,0,1.59869589576703,2.89705787192072,"MAPK11;PLCB4;S1PR1;PIK3R3;PIK3R2;DEGS2;PLCB2"
"83","Aldosterone synthesis and secretion","6/102",0.16485748172993,0.506347979599071,0,0,1.66956824512535,3.00968714219227,"PLCB4;PDE2A;ADCY1;ATP1B1;PLCB2;ADCY6"
"84","Longevity regulating pathway","6/102",0.16485748172993,0.506347979599071,0,0,1.66956824512535,3.00968714219227,"PIK3R3;IRS2;PIK3R2;ADCY1;ADCY6;IGF1R"
"85","Ferroptosis","3/40",0.175503323273808,0.532704204760499,0,0,2.16354912471417,3.76478599081369,"STEAP3;TFRC;ACSL3"
"86","Long-term depression","4/61",0.179078799945378,0.537236399836135,0,0,1.87319688109162,3.22176628822229,"PLCB4;PLCB2;GRIA3;IGF1R"
"87","Relaxin signaling pathway","7/131",0.197346626171756,0.579104624100169,0,0,1.50789580240248,2.44700361640706,"MAPK11;PLCB4;PIK3R3;PIK3R2;ADCY1;PLCB2;ADCY6"
"88","Tuberculosis","9/178",0.197524057832616,0.579104624100169,0,0,1.42312243969049,2.30815501313227,"TLR1;MAPK11;RAB5C;IFNGR2;H2-DMA;CARD9;H2-OB;LBP;H2-OA"
"89","Viral myocarditis","5/87",0.207286469558422,0.600897855573852,0,0,1.62776892024831,2.56154430986133,"H2-DMA;H2-OB;H2-Q2;H2-OA;CD55"
"90","Hedgehog signaling pathway","3/44",0.212663289166814,0.603645226402319,0,0,1.9520652210683,3.02188512937172,"SMO;CSNK1E;KIF7"
"91","Colorectal cancer","5/88",0.213779018882203,0.603645226402319,0,0,1.60807346213784,2.48095570889889,"BCL2L11;LEF1;TCF7;PIK3R3;PIK3R2"
"92","Cushing syndrome","8/159",0.219403727110621,0.603645226402319,0,0,1.41514669429132,2.14655357913821,"PLCB4;WNT5B;TCF7;LEF1;ADCY1;PLCB2;ADCY6;CYP17A1"
"93","Transcriptional misregulation in cancer","9/183",0.219500868662274,0.603645226402319,0,0,1.38186640945262,2.09546096443525,"SMAD1;JUP;MAX;PLAT;KLF3;GRIA3;PTK2;ETV5;IGF1R"
"94","Long-term potentiation","4/67",0.224106609200388,0.603645226402319,0,0,1.69426807760141,2.5340039362873,"PLCB4;ADCY1;PLCB2;RAPGEF3"
"95","Cholinergic synapse","6/113",0.226030458748103,0.603645226402319,0,0,1.49707130398563,2.2262730519314,"PLCB4;PIK3R3;PIK3R2;ADCY1;PLCB2;ADCY6"
"96","Dilated cardiomyopathy (DCM)","5/90",0.226951887445833,0.603645226402319,0,0,1.57007281354823,2.32844504040944,"CACNA2D2;ITGA7;CACNA2D4;ADCY1;ADCY6"
"97","GnRH signaling pathway","5/90",0.226951887445833,0.603645226402319,0,0,1.57007281354823,2.32844504040944,"MAPK11;PLCB4;ADCY1;PLCB2;ADCY6"
"98","TGF-beta signaling pathway","5/91",0.233626334674093,0.615057085162409,0,0,1.55173529126371,2.25627323506253,"SMAD1;FST;ID3;RGMB;BMP7"
"99","Morphine addiction","5/92",0.240355527637807,0.626381072025801,0,0,1.53381932121561,2.18666817468241,"GABRR2;GRK6;PDE2A;ADCY1;ADCY6"
"100","Vascular smooth muscle contraction","7/140",0.244727325442903,0.628327976559569,0,0,1.40519709315129,1.97797038750039,"ARHGEF11;PLCB4;RAMP3;ADCY1;PLCB2;RAMP1;ADCY6"
"101","Cocaine addiction","3/48",0.251304449149713,0.628327976559569,0,0,1.77817845584836,2.45582471484691,"DDC;DLG4;PPP1R1B"
"102","Tryptophan metabolism","3/48",0.251304449149713,0.628327976559569,0,0,1.77817845584836,2.45582471484691,"DDC;ALDH1B1;HAAO"
"103","Riboflavin metabolism","1/8",0.255486118072995,0.628327976559569,0,0,3.80735032602252,5.19546153302684,"ACP5"
"104","Sulfur relay system","1/8",0.255486118072995,0.628327976559569,0,0,3.80735032602252,5.19546153302684,"MPST"
"105","Phototransduction","2/27",0.25571487418122,0.628327976559569,0,0,2.13307479224377,2.9088575157932,"CNGA1;GNAT1"
"106","Notch signaling pathway","3/49",0.26112760034434,0.629888772048275,0,0,1.73943194838087,2.33561546650258,"DTX1;MAML3;HES5"
"107","Melanoma","4/72",0.263595700306055,0.629888772048275,0,0,1.56928104575163,2.09238328744926,"PIK3R3;PIK3R2;IGF1R;FGFR1"
"108","Mucin type O-glycan biosynthesis","2/28",0.269289454142738,0.629888772048275,0,0,2.05092691242276,2.69075138223203,"GALNT10;ST3GAL2"
"109","Endocytosis","12/269",0.270235063309518,0.629888772048275,0,0,1.24725659074017,1.63198921759493,"EHD3;RAB4A;RAB5C;TFRC;DNAJC6;GRK6;NEDD4L;PARD6G;IZUMO1R;H2-Q2;LDLRAP1;IGF1R"
"110","Arginine and proline metabolism","3/50",0.2709986577417,0.629888772048275,0,0,1.70233422846519,2.22263806421263,"ALDH1B1;PRODH;SRM"
"111","Cysteine and methionine metabolism","3/50",0.2709986577417,0.629888772048275,0,0,1.70233422846519,2.22263806421263,"MPST;LDHB;SRM"
"112","Bacterial invasion of epithelial cells","4/74",0.279747949435342,0.637566004309369,0,0,1.52428571428571,1.94173614478266,"PIK3R3;PIK3R2;PTK2;CD2AP"
"113","Hepatocellular carcinoma","8/171",0.279919389627108,0.637566004309369,0,0,1.31014154985091,1.66814245986004,"FRAT2;WNT5B;TCF7;LEF1;MGST2;PIK3R3;PIK3R2;IGF1R"
"114","Phosphatidylinositol signaling system","5/98",0.281715211206465,0.637566004309369,0,0,1.43441458417456,1.8172004629212,"PLCB4;DGKA;PIK3R3;PIK3R2;PLCB2"
"115","cGMP-PKG signaling pathway","8/172",0.285160769234096,0.639751986629536,0,0,1.3020847526911,1.63372854543344,"PLCB4;PDE2A;CNGA1;IRS2;ADCY1;ATP1B1;PLCB2;ADCY6"
"116","Circadian entrainment","5/99",0.288745204512012,0.640551176427901,0,0,1.41908087473737,1.76279734038223,"PLCB4;ADCY1;PLCB2;GRIA3;ADCY6"
"117","Circadian rhythm","2/30",0.29640286633808,0.640551176427901,0,0,1.90423426988524,2.31561688209901,"RORC;CSNK1E"
"118","Glycosaminoglycan biosynthesis","3/53",0.300818261992647,0.640551176427901,0,0,1.59994452149792,1.92193172024625,"EXT1;CHST15;ST3GAL2"
"119","Gastric cancer","7/150",0.300964255370184,0.640551176427901,0,0,1.3062488418137,1.56849628935094,"FRAT2;WNT5B;JUP;TCF7;LEF1;PIK3R3;PIK3R2"
"120","Retrograde endocannabinoid signaling","7/150",0.300964255370184,0.640551176427901,0,0,1.3062488418137,1.56849628935094,"GABRR2;MAPK11;PLCB4;ADCY1;PLCB2;GRIA3;ADCY6"
"121","AGE-RAGE signaling pathway in diabetic complications","5/101",0.302896292729472,0.640551176427901,0,0,1.38937181270283,1.65941678759273,"MAPK11;PLCB4;PIK3R3;PIK3R2;PLCB2"
"122","T cell receptor signaling pathway","5/101",0.302896292729472,0.640551176427901,0,0,1.38937181270283,1.65941678759273,"MAPK11;PAK1;NCK2;PIK3R3;PIK3R2"
"123","Non-alcoholic fatty liver disease (NAFLD)","7/151",0.306740883261299,0.643407706352968,0,0,1.29710987137765,1.53286207609037,"SOCS3;BCL2L11;PIK3R3;FAS;IRS2;PIK3R2;IL6RA"
"124","Osteoclast differentiation","6/128",0.318615582868464,0.662925970806965,0,0,1.31197771587744,1.50060071568846,"SOCS3;MAPK11;IFNGR2;PIK3R3;ACP5;PIK3R2"
"125","beta-Alanine metabolism","2/32",0.323359363566001,0.667413726400227,0,0,1.77710064635272,2.00633062430904,"ALDH1B1;SRM"
"126","Autophagy","6/130",0.331439969975701,0.673407926293029,0,0,1.29068200197682,1.42531119825154,"RRAGD;PIK3R3;RRAS2;IRS2;PIK3R2;IGF1R"
"127","Pancreatic secretion","5/105",0.331483746663623,0.673407926293029,0,0,1.33351877607789,1.4724400951614,"PLCB4;ADCY1;ATP1B1;PLCB2;ADCY6"
"128","Ras signaling pathway","10/233",0.336706294307449,0.678673624463452,0,0,1.19663111881524,1.30258593438111,"PAK1;RAB5C;PIK3R3;RRAS2;PIK3R2;RASAL1;KSR2;RASGRP2;IGF1R;FGFR1"
"129","Toxoplasmosis","5/108",0.353087303740734,0.703092248411379,0,0,1.29447587668958,1.34760108026056,"MAPK11;IFNGR2;H2-DMA;H2-OB;H2-OA"
"130","Estrogen signaling pathway","6/134",0.357259760365626,0.703092248411379,0,0,1.25008704735376,1.28670477430451,"PLCB4;PIK3R3;PIK3R2;ADCY1;PLCB2;ADCY6"
"131","Rheumatoid arthritis","4/84",0.362054049615447,0.703092248411379,0,0,1.33305555555556,1.35433348169294,"H2-DMA;H2-OB;ACP5;H2-OA"
"132","Base excision repair","2/35",0.363253913918873,0.703092248411379,0,0,1.61529421640225,1.63573286019334,"POLE2;APEX1"
"133","Dopaminergic synapse","6/135",0.363739133457445,0.703092248411379,0,0,1.2403316706614,1.25437015952389,"MAPK11;DDC;PLCB4;PPP1R1B;PLCB2;GRIA3"
"134","Insulin resistance","5/110",0.367527465791696,0.703092248411379,0,0,1.26968673422081,1.27090211172224,"SOCS3;PIK3R3;IRS2;PIK3R2;PTPRF"
"135","Nicotinate and nicotinamide metabolism","2/36",0.376360249376011,0.703092248411379,0,0,1.56770408994623,1.53197373747967,"ART2B;NMNAT2"
"136","Primary immunodeficiency","2/36",0.376360249376011,0.703092248411379,0,0,1.56770408994623,1.53197373747967,"TNFRSF13B;ADA"
"137","MAPK signaling pathway","12/294",0.377015645513427,0.703092248411379,0,0,1.13519005498446,1.10734224499633,"MAPK11;PAK1;DUSP10;MAX;STMN1;CACNA2D2;RRAS2;FAS;CACNA2D4;RASGRP2;IGF1R;FGFR1"
"138","Glycerolipid metabolism","3/61",0.380564964360416,0.703092248411379,0,0,1.37868860299393,1.3319488287182,"ALDH1B1;MOGAT1;DGKA"
"139","Non-homologous end-joining","1/13",0.380891543867441,0.703092248411379,0,0,2.22037805440295,2.14319905910193,"DNTT"
"140","Regulation of actin cytoskeleton","9/217",0.386743029704812,0.703092248411379,0,0,1.15392684238838,1.09622451419575,"PAK1;ITGAD;ACTN1;PIK3R3;RRAS2;ITGA7;PIK3R2;PTK2;FGFR1"
"141","Fc gamma R-mediated phagocytosis","4/87",0.386850679182484,0.703092248411379,0,0,1.28467202141901,1.220074218803,"PAK1;MARCKSL1;PIK3R3;PIK3R2"
"142","Thyroid cancer","2/37",0.389353517005514,0.703092248411379,0,0,1.52283339928769,1.43643935089661,"TCF7;LEF1"
"143","Insulin signaling pathway","6/139",0.389698416755144,0.703092248411379,0,0,1.20277713783065,1.13347568031012,"SOCS3;RPS6;PIK3R3;IRS2;PIK3R2;PTPRF"
"144","Apoptosis","6/141",0.402677945465584,0.712563143998308,0,0,1.18483441658929,1.07774692477281,"BCL2L11;PIK3R3;TNFRSF10B;FAS;PIK3R2;CTSF"
"145","Fatty acid biosynthesis","1/14",0.403317807459016,0.712563143998308,0,0,2.04947334822853,1.86098415276126,"ACSL3"
"146","Thyroid hormone signaling pathway","5/115",0.403613642780353,0.712563143998308,0,0,1.21165760525983,1.09933353849228,"PLCB4;PIK3R3;PIK3R2;ATP1B1;PLCB2"
"147","Antigen processing and presentation","4/90",0.411519025022279,0.712563143998308,0,0,1.23966408268734,1.10069777197675,"H2-DMA;H2-OB;H2-Q2;H2-OA"
"148","GABAergic synapse","4/90",0.411519025022279,0.712563143998308,0,0,1.23966408268734,1.10069777197675,"GABRR2;PLCL1;ADCY1;ADCY6"
"149","Protein digestion and absorption","4/90",0.411519025022279,0.712563143998308,0,0,1.23966408268734,1.10069777197675,"SLC6A19;COL27A1;COL11A2;ATP1B1"
"150","IL-17 signaling pathway","4/91",0.41969799673551,0.721880554385077,0,0,1.22535121328225,1.06387428548672,"MAPK11;TRAF5;IKBKE;IL17RB"
"151","Glycine, serine and threonine metabolism","2/40",0.427568972499245,0.72423864727529,0,0,1.40239101909899,1.19152703488033,"THA1;SHMT1"
"152","Nicotine addiction","2/40",0.427568972499245,0.72423864727529,0,0,1.40239101909899,1.19152703488033,"GABRR2;GRIA3"
"153","Non-small cell lung cancer","3/66",0.429490360593486,0.72423864727529,0,0,1.26893864341853,1.07245108417345,"PIK3R3;PIK3R2;FHIT"
"154","Primary bile acid biosynthesis","1/16",0.445765810684533,0.732658535786652,0,0,1.77602581834947,1.43496057839797,"CYP39A1"
"155","Neurotrophin signaling pathway","5/121",0.446557533007894,0.732658535786652,0,0,1.14862596518153,0.926007359637673,"MAPK11;MAGED1;NTRK3;PIK3R3;PIK3R2"
"156","Amphetamine addiction","3/68",0.448682359125159,0.732658535786652,0,0,1.2297663501547,0.985584044872024,"DDC;PPP1R1B;GRIA3"
"157","Fc epsilon RI signaling pathway","3/68",0.448682359125159,0.732658535786652,0,0,1.2297663501547,0.985584044872024,"MAPK11;PIK3R3;PIK3R2"
"158","Renal cell carcinoma","3/68",0.448682359125159,0.732658535786652,0,0,1.2297663501547,0.985584044872024,"PAK1;PIK3R3;PIK3R2"
"159","Staphylococcus aureus infection","4/95",0.452114581661478,0.733619887224285,0,0,1.17124542124542,0.929757609303251,"SELP;H2-DMA;H2-OB;H2-OA"
"160","Vasopressin-regulated water reabsorption","2/43",0.464488659157041,0.746509556644868,0,0,1.29957435308425,0.996537183270766,"RAB5C;ADCY6"
"161","Nitrogen metabolism","1/17",0.465845110929549,0.746509556644868,0,0,1.6649377593361,1.27184941757135,"CAR12"
"162","Adipocytokine signaling pathway","3/71",0.47696193671922,0.754945887567846,0,0,1.1753283837807,0.870117450118738,"SOCS3;IRS2;ACSL3"
"163","p53 signaling pathway","3/71",0.47696193671922,0.754945887567846,0,0,1.1753283837807,0.870117450118738,"STEAP3;SIAH1A;FAS"
"164","AMPK signaling pathway","5/126",0.481736337294552,0.755376239573675,0,0,1.10087472269796,0.80403302693898,"CCNA2;PIK3R3;IRS2;PIK3R2;IGF1R"
"165","Oxytocin signaling pathway","6/154",0.486017270423372,0.755376239573675,0,0,1.08002710231122,0.779251564070386,"PLCB4;CACNA2D2;CACNA2D4;ADCY1;PLCB2;ADCY6"
"166","mTOR signaling pathway","6/154",0.486017270423372,0.755376239573675,0,0,1.08002710231122,0.779251564070386,"WNT5B;RPS6;RRAGD;PIK3R3;PIK3R2;IGF1R"
"167","Human immunodeficiency virus 1 infection","9/238",0.494761594751511,0.764362224226885,0,0,1.046953919443,0.736719758447566,"MAPK11;PAK1;TRAF5;PIK3R3;FAS;PIK3R2;H2-Q2;PTK2;AP1M2"
"168","Cellular senescence","7/185",0.506710062971503,0.776177277693473,0,0,1.04748248789432,0.712095676437679,"CCNA2;MAPK11;PIK3R3;RRAS2;PIK3R2;H2-Q2;HIPK2"
"169","Glioma","3/75",0.513576664022375,0.776177277693473,0,0,1.10980120203421,0.739522649532597,"PIK3R3;PIK3R2;IGF1R"
"170","Renin secretion","3/76",0.522516151539851,0.776177277693473,0,0,1.09454144738092,0.710466178800941,"PLCB4;PLCB2;ADCY6"
"171","ABC transporters","2/48",0.522761046375875,0.776177277693473,0,0,1.15801517523787,0.751124320664562,"ABCA1;ABCG2"
"172","Serotonergic synapse","5/132",0.522882721010876,0.776177277693473,0,0,1.04853635298369,0.679868961096672,"DDC;CYP2D22;PLCB4;PLCB2;RAPGEF3"
"173","Hepatitis C","6/160",0.523294603903485,0.776177277693473,0,0,1.03762254458633,0.671975438908681,"SOCS3;CLDN10;PIK3R3;FAS;PIK3R2;IKBKE"
"174","Kaposi sarcoma-associated herpesvirus infection","8/216",0.524301528155131,0.776177277693473,0,0,1.02428018908466,0.661365759364695,"MAPK11;PIK3R3;FAS;PIK3R2;H2-Q2;IL6ST;CCR4;IKBKE"
"175","Human T-cell leukemia virus 1 infection","9/245",0.529807101016938,0.776177277693473,0,0,1.01552684603532,0.645105608403189,"CCNA2;H2-DMA;H2-OB;PIK3R3;PIK3R2;H2-Q2;ADCY1;H2-OA;ADCY6"
"176","Cholesterol metabolism","2/49",0.5338943782528,0.776177277693473,0,0,1.13331761654977,0.711221690354193,"ABCA1;LDLRAP1"
"177","Malaria","2/49",0.5338943782528,0.776177277693473,0,0,1.13331761654977,0.711221690354193,"SELP;PECAM1"
"178","Cardiac muscle contraction","3/78",0.540121055362741,0.776177277693473,0,0,1.0652427184466,0.656149022503597,"CACNA2D2;CACNA2D4;ATP1B1"
"179","Salmonella infection","3/78",0.540121055362741,0.776177277693473,0,0,1.0652427184466,0.656149022503597,"MAPK11;IFNGR2;LBP"
"180","Hepatitis B","6/163",0.541526203014666,0.776177277693473,0,0,1.01763568298352,0.624180913980482,"CCNA2;MAPK11;PIK3R3;FAS;PIK3R2;IKBKE"
"181","Fatty acid degradation","2/50",0.544848360280345,0.776177277693473,0,0,1.10964912280702,0.673831945377863,"ALDH1B1;ACSL3"
"182","JAK-STAT signaling pathway","6/164",0.54753590907059,0.776177277693473,0,0,1.01114206128134,0.609038399030156,"SOCS3;IFNGR2;PIK3R3;PIK3R2;IL6RA;IL6ST"
"183","Other types of O-glycan biosynthesis","1/22",0.555855331640098,0.779405845451876,0,0,1.26819469143121,0.744743798693141,"ST6GAL1"
"184","Proximal tubule bicarbonate reclamation","1/22",0.555855331640098,0.779405845451876,0,0,1.26819469143121,0.744743798693141,"ATP1B1"
"185","Tight junction","6/167",0.565348991720124,0.784911519914898,0,0,0.992145192823405,0.565832362848668,"CLDN10;PATJ;MPP4;ACTN1;NEDD4L;PARD6G"
"186","Mannose type O-glycan biosynthesis","1/23",0.571951030015507,0.784911519914898,0,0,1.21048660882686,0.676301172062822,"POMGNT2"
"187","Phenylalanine metabolism","1/23",0.571951030015507,0.784911519914898,0,0,1.21048660882686,0.676301172062822,"DDC"
"188","Terpenoid backbone biosynthesis","1/23",0.571951030015507,0.784911519914898,0,0,1.21048660882686,0.676301172062822,"FNTB"
"189","Focal adhesion","7/199",0.584262283865315,0.797564387498684,0,0,0.970391678289168,0.521493612326578,"PAK1;ACTN1;PIK3R3;ITGA7;PIK3R2;PTK2;IGF1R"
"190","Histidine metabolism","1/24",0.58746419842527,0.79771454312484,0,0,1.15779662036202,0.615878303752063,"ALDH1B1"
"191","Viral carcinogenesis","8/229",0.590887922102057,0.79816274294414,0,0,0.96337116711747,0.506857432363444,"CCNA2;ACTN1;TRAF5;PIK3R3;PIK3R2;H2-Q2;IL6ST;CCR4"
"192","Hypertrophic cardiomyopathy (HCM)","3/86",0.606620616095242,0.815146452877982,0,0,0.962167672075264,0.480941144643528,"CACNA2D2;ITGA7;CACNA2D4"
"193","Pyrimidine metabolism","2/58",0.625897472697507,0.83669195832102,0,0,0.950732093391373,0.445483303833454,"DCTD;NME4"
"194","Ascorbate and aldarate metabolism","1/27",0.630715297250992,0.838786323148227,0,0,1.02404511118204,0.471983120050029,"ALDH1B1"
"195","Lysine degradation","2/59",0.635202021568395,0.840421136228953,0,0,0.934003985031832,0.423862390632423,"TMLHE;ALDH1B1"
"196","Fatty acid elongation","1/29",0.657002970968997,0.864830441377558,0,0,0.950800237107291,0.399399554552352,"ELOVL7"
"197","Glyoxylate and dicarboxylate metabolism","1/31",0.68142173767396,0.887913173332736,0,0,0.887321346242508,0.340353285175104,"SHMT1"
"198","Propanoate metabolism","1/31",0.68142173767396,0.887913173332736,0,0,0.887321346242508,0.340353285175104,"LDHB"
"199","Biosynthesis of unsaturated fatty acids","1/32",0.692972124656069,0.890484844140548,0,0,0.858653460045509,0.314924469689884,"ELOVL7"
"200","Citrate cycle (TCA cycle)","1/32",0.692972124656069,0.890484844140548,0,0,0.858653460045509,0.314924469689884,"IDH2"
"201","Metabolism of xenobiotics by cytochrome P450","2/66",0.695296334915057,0.890484844140548,0,0,0.83154432132964,0.302197461634631,"EPHX1;MGST2"
"202","Choline metabolism in cancer","3/99",0.700270042654436,0.890484844140548,0,0,0.831310679611651,0.296187052828293,"DGKA;PIK3R3;PIK3R2"
"203","Glycolysis / Gluconeogenesis","2/67",0.703178745402843,0.890484844140548,0,0,0.818708715107607,0.288303491623588,"LDHB;ALDH1B1"
"204","SNARE interactions in vesicular transport","1/33",0.704104295366945,0.890484844140548,0,0,0.831777316735823,0.291811427058514,"STX2"
"205","RIG-I-like receptor signaling pathway","2/68",0.710890748592418,0.894682015301677,0,0,0.806262066649878,0.275126061659653,"MAPK11;IKBKE"
"206","Glucagon signaling pathway","3/102",0.719296378616548,0.900866338267327,0,0,0.805993359391418,0.265560140193033,"LDHB;PLCB4;PLCB2"
"207","DNA replication","1/35",0.725173932213546,0.903839973483551,0,0,0.782767878935807,0.251537562778017,"POLE2"
"208","Thermogenesis","7/231",0.735181977793782,0.908917912980228,0,0,0.83036959553696,0.255452595254901,"MAPK11;ZFP516;RPS6;ACSL3;ADCY1;ADCY6;FGFR1"
"209","B cell receptor signaling pathway","2/72",0.740075608292176,0.908917912980228,0,0,0.7600316580926,0.22877175190141,"PIK3R3;PIK3R2"
"210","Inositol phosphate metabolism","2/73",0.746966874620123,0.908917912980228,0,0,0.749287971596894,0.218593106330952,"PLCB4;PLCB2"
"211","PI3K-Akt signaling pathway","11/357",0.748689451102211,0.908917912980228,0,0,0.844068456169081,0.244299576884897,"BCL2L11;MYB;RPS6;PIK3R3;ITGA7;PIK3R2;SGK3;IL6RA;PTK2;IGF1R;FGFR1"
"212","NOD-like receptor signaling pathway","6/205",0.756205713213702,0.908917912980228,0,0,0.80109460953794,0.223859345608302,"MAPK11;PLCB4;CARD9;TRAF5;IKBKE;PLCB2"
"213","Pancreatic cancer","2/75",0.760279430401008,0.908917912980228,0,0,0.728683641331158,0.199709773015998,"PIK3R3;PIK3R2"
"214","Systemic lupus erythematosus","4/143",0.765131525179712,0.908917912980228,0,0,0.764868105515587,0.204760952522627,"ACTN1;H2-DMA;H2-OB;H2-OA"
"215","Chronic myeloid leukemia","2/76",0.766705456025131,0.908917912980228,0,0,0.718799131541514,0.190950838187327,"PIK3R3;PIK3R2"
"216","Pertussis","2/76",0.766705456025131,0.908917912980228,0,0,0.718799131541514,0.190950838187327,"MAPK11;IRF1"
"217","Measles","4/144",0.769835339085593,0.908917912980228,0,0,0.759365079365079,0.198633678911605,"PIK3R3;FAS;PIK3R2;IKBKE"
"218","Fat digestion and absorption","1/40",0.771523344739031,0.908917912980228,0,0,0.682235698833209,0.176963991371634,"ABCA1"
"219","Tyrosine metabolism","1/40",0.771523344739031,0.908917912980228,0,0,0.682235698833209,0.176963991371634,"DDC"
"220","Herpes simplex virus 1 infection","13/433",0.792187207500583,0.924886852485247,0,0,0.820869332261737,0.19122770194083,"IFNGR2;H2-DMA;CARD9;PIK3R3;H2-Q2;PIK3R2;SOCS3;TRAF5;H2-OB;FAS;H2-OA;IKBKE;ZFP661"
"221","Nucleotide excision repair","1/43",0.795495715470818,0.924886852485247,0,0,0.633405782783376,0.144916793241412,"POLE2"
"222","Oocyte meiosis","3/116",0.795832873068701,0.924886852485247,0,0,0.705620266836866,0.161139729817301,"ADCY1;ADCY6;IGF1R"
"223","ECM-receptor interaction","2/83",0.807617470887046,0.928333432907557,0,0,0.656441298177217,0.140259685103652,"SV2A;ITGA7"
"224","Glycosphingolipid biosynthesis","1/45",0.81006482680211,0.928333432907557,0,0,0.604551741481202,0.12734338424131,"ST3GAL2"
"225","Peroxisome","2/84",0.812910393840239,0.928333432907557,0,0,0.648402134990879,0.134306382124286,"IDH2;ACSL3"
"226","Neuroactive ligand-receptor interaction","10/348",0.813191301694217,0.928333432907557,0,0,0.7847280924204,0.162273054068812,"GABRR2;VIPR1;CNR2;TBXA2R;GRM6;CHRNA9;S1PR1;F2RL1;GPR83;GRIA3"
"227","Sphingolipid metabolism","1/48",0.829998098277695,0.931322540963346,0,0,0.565875047820841,0.105440555521878,"DEGS2"
"228","Lysosome","3/124",0.83118120231332,0.931322540963346,0,0,0.658692587200972,0.12179716964449,"ACP5;CTSF;AP1M2"
"229","Complement and coagulation cascades","2/88",0.832802719023419,0.931322540963346,0,0,0.618115055079559,0.113089401307679,"PLAT;CD55"
"230","Amino sugar and nucleotide sugar metabolism","1/49",0.836166912463164,0.931322540963346,0,0,0.554057169202397,0.0991358036079584,"CMAH"
"231","Arachidonic acid metabolism","2/89",0.8374683314089,0.931322540963346,0,0,0.610978444295858,0.108370364291552,"GGT5;GGT1"
"232","Steroid hormone biosynthesis","2/89",0.8374683314089,0.931322540963346,0,0,0.610978444295858,0.108370364291552,"CYP2D22;CYP17A1"
"233","N-Glycan biosynthesis","1/50",0.842112175801124,0.932467559470773,0,0,0.542721652976543,0.093262400448088,"ST6GAL1"
"234","Fanconi anemia pathway","1/51",0.847841978597848,0.93480013024891,0,0,0.531839557399723,0.0877859726663929,"RMI2"
"235","Amyotrophic lateral sclerosis (ALS)","1/52",0.853364118814828,0.936884862358407,0,0,0.521384210669053,0.0826753489654897,"MAPK11"
"236","Chemical carcinogenesis","2/94",0.859073204835931,0.939156300201992,0,0,0.577622546067686,0.087741523025141,"EPHX1;MGST2"
"237","Glycerophospholipid metabolism","2/97",0.870742724503186,0.946927601933387,0,0,0.559294357778102,0.0774112190760863,"DGKA;PEMT"
"238","Valine, leucine and isoleucine degradation","1/56",0.873522361473435,0.946927601933387,0,0,0.483364768012071,0.0653613330882645,"ALDH1B1"
"239","Legionellosis","1/58",0.882538474904417,0.950888823055733,0,0,0.466356069981316,0.0582725403452827,"EEF1G"
"240","Necroptosis","4/176",0.884587089207743,0.950888823055733,0,0,0.617054263565891,0.0756720230532099,"IFNGR2;TRAF5;TNFRSF10B;FAS"
"241","NF-kappa B signaling pathway","2/102",0.888233357970665,0.950888823055733,0,0,0.531191135734072,0.0629571877393892,"TRAF5;LBP"
"242","Cytosolic DNA-sensing pathway","1/61",0.894873453266002,0.954038640258796,0,0,0.442969110189027,0.0492018918976177,"IKBKE"
"243","Mitophagy","1/63",0.902369345511309,0.958071156962625,0,0,0.428635167090528,0.044034277418928,"RRAS2"
"244","Calcium signaling pathway","4/189",0.91460361638001,0.966597103896547,0,0,0.573303303303303,0.05117564057746,"PLCB4;TBXA2R;ADCY1;PLCB2"
"245","Huntington disease","4/192",0.920456269457903,0.966597103896547,0,0,0.564066193853428,0.0467530702939714,"PLCB4;DLG4;TFAM;PLCB2"
"246","Drug metabolism","2/114",0.92163909906415,0.966597103896547,0,0,0.47398100514444,0.0386775916771174,"MGST2;NME4"
"247","Cell cycle","2/123",0.940261651771164,0.979819046907199,0,0,0.4385201803988,0.0270115668009119,"CCNA2;CDC14B"
"248","Synaptic vesicle cycle","1/77",0.941841564468935,0.979819046907199,0,0,0.349421271019873,0.0209366967936724,"STX2"
"249","Alzheimer disease","3/175",0.954849167357567,0.987365993747382,0,0,0.462148824307325,0.0213521495671208,"PLCB4;FAS;PLCB2"
"250","PPAR signaling pathway","1/85",0.956749993941262,0.987365993747382,0,0,0.316011328459461,0.0139718597458303,"ACSL3"
"251","Taste transduction","1/88",0.961297574552235,0.988106670256879,0,0,0.305066692103464,0.0120413688583332,"ADCY6"
"252","MicroRNAs in cancer","5/281",0.976428876672257,0.999677183259691,0,0,0.478724476426599,0.011419190277202,"BCL2L11;STMN1;KIF23;IRS2;BMF"
"253","Ribosome biogenesis in eukaryotes","1/115",0.98577031106189,0.999994797912777,0,0,0.232486472058431,0.00333197327763215,"UTP14B"
"254","Spliceosome","1/132",0.992425987423309,0.999994797912777,0,0,0.202136982251644,0.00153681534984143,"PRPF40B"
"255","Alcoholism","2/199",0.99463568240477,0.999994797912777,0,0,0.268276220875459,0.00144299265707164,"DDC;PPP1R1B"
"256","Protein processing in endoplasmic reticulum","1/163",0.997603819328149,0.999994797912777,0,0,0.163191776377576,0.000391506227739063,"LMAN1L"
"257","RNA transport","1/167",0.997934574924341,0.999994797912777,0,0,0.159226116082588,0.000329209709005321,"THOC6"
"258","Olfactory transduction","2/1133",0.999994797912777,0.999994797912777,0,0,0.0444413420819954,2.31188339143751e-07,"OLFR524;PDE2A"
